team1,team2,city,toss_winner,toss_decision,winner
Sunrisers Hyderabad,Royal Challengers Bangalore,Hyderabad,Royal Challengers Bangalore,field,Sunrisers Hyderabad
Mumbai Indians,Rising Pune Supergiant,Pune,Rising Pune Supergiant,field,Rising Pune Supergiant
Gujarat Lions,Kolkata Knight Riders,Rajkot,Kolkata Knight Riders,field,Kolkata Knight Riders
Rising Pune Supergiant,Kings XI Punjab,Indore,Kings XI Punjab,field,Kings XI Punjab
Royal Challengers Bangalore,Delhi Daredevils,Bangalore,Royal Challengers Bangalore,bat,Royal Challengers Bangalore
Gujarat Lions,Sunrisers Hyderabad,Hyderabad,Sunrisers Hyderabad,field,Sunrisers Hyderabad
Kolkata Knight Riders,Mumbai Indians,Mumbai,Mumbai Indians,field,Mumbai Indians
Royal Challengers Bangalore,Kings XI Punjab,Indore,Royal Challengers Bangalore,bat,Kings XI Punjab
Delhi Daredevils,Rising Pune Supergiant,Pune,Rising Pune Supergiant,field,Delhi Daredevils
Sunrisers Hyderabad,Mumbai Indians,Mumbai,Mumbai Indians,field,Mumbai Indians
Kings XI Punjab,Kolkata Knight Riders,Kolkata,Kolkata Knight Riders,field,Kolkata Knight Riders
Royal Challengers Bangalore,Mumbai Indians,Bangalore,Mumbai Indians,field,Mumbai Indians
Rising Pune Supergiant,Gujarat Lions,Rajkot,Gujarat Lions,field,Gujarat Lions
Kolkata Knight Riders,Sunrisers Hyderabad,Kolkata,Sunrisers Hyderabad,field,Kolkata Knight Riders
Delhi Daredevils,Kings XI Punjab,Delhi,Delhi Daredevils,bat,Delhi Daredevils
Gujarat Lions,Mumbai Indians,Mumbai,Mumbai Indians,field,Mumbai Indians
Rising Pune Supergiant,Royal Challengers Bangalore,Bangalore,Royal Challengers Bangalore,field,Rising Pune Supergiant
Delhi Daredevils,Kolkata Knight Riders,Delhi,Delhi Daredevils,bat,Kolkata Knight Riders
Sunrisers Hyderabad,Kings XI Punjab,Hyderabad,Kings XI Punjab,field,Sunrisers Hyderabad
Royal Challengers Bangalore,Gujarat Lions,Rajkot,Gujarat Lions,field,Royal Challengers Bangalore
Sunrisers Hyderabad,Delhi Daredevils,Hyderabad,Sunrisers Hyderabad,bat,Sunrisers Hyderabad
Kings XI Punjab,Mumbai Indians,Indore,Mumbai Indians,field,Mumbai Indians
Kolkata Knight Riders,Gujarat Lions,Kolkata,Gujarat Lions,field,Gujarat Lions
Mumbai Indians,Delhi Daredevils,Mumbai,Delhi Daredevils,field,Mumbai Indians
Sunrisers Hyderabad,Rising Pune Supergiant,Pune,Rising Pune Supergiant,field,Rising Pune Supergiant
Kings XI Punjab,Gujarat Lions,Rajkot,Gujarat Lions,field,Kings XI Punjab
Kolkata Knight Riders,Royal Challengers Bangalore,Kolkata,Royal Challengers Bangalore,field,Kolkata Knight Riders
Rising Pune Supergiant,Mumbai Indians,Mumbai,Mumbai Indians,field,Rising Pune Supergiant
Rising Pune Supergiant,Kolkata Knight Riders,Pune,Kolkata Knight Riders,field,Kolkata Knight Riders
Royal Challengers Bangalore,Gujarat Lions,Bangalore,Gujarat Lions,field,Gujarat Lions
Delhi Daredevils,Kolkata Knight Riders,Kolkata,Kolkata Knight Riders,field,Kolkata Knight Riders
Sunrisers Hyderabad,Kings XI Punjab,Chandigarh,Kings XI Punjab,field,Sunrisers Hyderabad
Rising Pune Supergiant,Royal Challengers Bangalore,Pune,Royal Challengers Bangalore,field,Rising Pune Supergiant
Gujarat Lions,Mumbai Indians,Rajkot,Gujarat Lions,bat,Mumbai Indians
Delhi Daredevils,Kings XI Punjab,Chandigarh,Kings XI Punjab,field,Kings XI Punjab
Sunrisers Hyderabad,Kolkata Knight Riders,Hyderabad,Kolkata Knight Riders,field,Sunrisers Hyderabad
Royal Challengers Bangalore,Mumbai Indians,Mumbai,Royal Challengers Bangalore,bat,Mumbai Indians
Gujarat Lions,Rising Pune Supergiant,Pune,Rising Pune Supergiant,field,Rising Pune Supergiant
Sunrisers Hyderabad,Delhi Daredevils,Delhi,Delhi Daredevils,field,Delhi Daredevils
Kolkata Knight Riders,Rising Pune Supergiant,Kolkata,Rising Pune Supergiant,field,Rising Pune Supergiant
Gujarat Lions,Delhi Daredevils,Delhi,Delhi Daredevils,field,Delhi Daredevils
Kings XI Punjab,Royal Challengers Bangalore,Bangalore,Royal Challengers Bangalore,field,Kings XI Punjab
Rising Pune Supergiant,Sunrisers Hyderabad,Hyderabad,Sunrisers Hyderabad,field,Rising Pune Supergiant
Mumbai Indians,Delhi Daredevils,Delhi,Delhi Daredevils,field,Mumbai Indians
Royal Challengers Bangalore,Kolkata Knight Riders,Bangalore,Kolkata Knight Riders,field,Kolkata Knight Riders
Kings XI Punjab,Gujarat Lions,Chandigarh,Gujarat Lions,field,Gujarat Lions
Mumbai Indians,Sunrisers Hyderabad,Hyderabad,Mumbai Indians,bat,Sunrisers Hyderabad
Kings XI Punjab,Kolkata Knight Riders,Chandigarh,Kolkata Knight Riders,field,Kings XI Punjab
Gujarat Lions,Delhi Daredevils,Kanpur,Delhi Daredevils,field,Delhi Daredevils
Kings XI Punjab,Mumbai Indians,Mumbai,Mumbai Indians,field,Kings XI Punjab
Delhi Daredevils,Rising Pune Supergiant,Delhi,Delhi Daredevils,bat,Delhi Daredevils
Gujarat Lions,Sunrisers Hyderabad,Kanpur,Sunrisers Hyderabad,field,Sunrisers Hyderabad
Mumbai Indians,Kolkata Knight Riders,Kolkata,Kolkata Knight Riders,field,Mumbai Indians
Kings XI Punjab,Rising Pune Supergiant,Pune,Rising Pune Supergiant,field,Rising Pune Supergiant
Royal Challengers Bangalore,Delhi Daredevils,Delhi,Royal Challengers Bangalore,bat,Royal Challengers Bangalore
Rising Pune Supergiant,Mumbai Indians,Mumbai,Mumbai Indians,field,Rising Pune Supergiant
Sunrisers Hyderabad,Kolkata Knight Riders,Bangalore,Kolkata Knight Riders,field,Kolkata Knight Riders
Kolkata Knight Riders,Mumbai Indians,Bangalore,Mumbai Indians,field,Mumbai Indians
Mumbai Indians,Rising Pune Supergiant,Hyderabad,Mumbai Indians,bat,Mumbai Indians
Kolkata Knight Riders,Royal Challengers Bangalore,Bangalore,Royal Challengers Bangalore,field,Kolkata Knight Riders
Chennai Super Kings,Kings XI Punjab,Chandigarh,Chennai Super Kings,bat,Chennai Super Kings
Rajasthan Royals,Delhi Daredevils,Delhi,Rajasthan Royals,bat,Delhi Daredevils
Mumbai Indians,Royal Challengers Bangalore,Mumbai,Mumbai Indians,bat,Royal Challengers Bangalore
Deccan Chargers,Kolkata Knight Riders,Kolkata,Deccan Chargers,bat,Kolkata Knight Riders
Kings XI Punjab,Rajasthan Royals,Jaipur,Kings XI Punjab,bat,Rajasthan Royals
Deccan Chargers,Delhi Daredevils,Hyderabad,Deccan Chargers,bat,Delhi Daredevils
Chennai Super Kings,Mumbai Indians,Chennai,Mumbai Indians,field,Chennai Super Kings
Deccan Chargers,Rajasthan Royals,Hyderabad,Rajasthan Royals,field,Rajasthan Royals
Kings XI Punjab,Mumbai Indians,Chandigarh,Mumbai Indians,field,Kings XI Punjab
Royal Challengers Bangalore,Rajasthan Royals,Bangalore,Rajasthan Royals,field,Rajasthan Royals
Kolkata Knight Riders,Chennai Super Kings,Chennai,Kolkata Knight Riders,bat,Chennai Super Kings
Mumbai Indians,Deccan Chargers,Mumbai,Deccan Chargers,field,Deccan Chargers
Delhi Daredevils,Kings XI Punjab,Chandigarh,Delhi Daredevils,bat,Kings XI Punjab
Chennai Super Kings,Royal Challengers Bangalore,Bangalore,Chennai Super Kings,bat,Chennai Super Kings
Kolkata Knight Riders,Mumbai Indians,Kolkata,Kolkata Knight Riders,bat,Mumbai Indians
Delhi Daredevils,Royal Challengers Bangalore,Delhi,Royal Challengers Bangalore,field,Delhi Daredevils
Deccan Chargers,Kings XI Punjab,Hyderabad,Kings XI Punjab,field,Kings XI Punjab
Rajasthan Royals,Kolkata Knight Riders,Jaipur,Rajasthan Royals,bat,Rajasthan Royals
Chennai Super Kings,Delhi Daredevils,Chennai,Chennai Super Kings,bat,Delhi Daredevils
Deccan Chargers,Royal Challengers Bangalore,Hyderabad,Deccan Chargers,bat,Royal Challengers Bangalore
Kings XI Punjab,Kolkata Knight Riders,Chandigarh,Kings XI Punjab,bat,Kings XI Punjab
Mumbai Indians,Delhi Daredevils,Mumbai,Delhi Daredevils,field,Mumbai Indians
Chennai Super Kings,Rajasthan Royals,Jaipur,Chennai Super Kings,bat,Rajasthan Royals
Royal Challengers Bangalore,Kings XI Punjab,Bangalore,Kings XI Punjab,field,Kings XI Punjab
Chennai Super Kings,Deccan Chargers,Chennai,Deccan Chargers,field,Deccan Chargers
Rajasthan Royals,Mumbai Indians,Mumbai,Mumbai Indians,field,Mumbai Indians
Delhi Daredevils,Chennai Super Kings,Delhi,Chennai Super Kings,field,Chennai Super Kings
Kolkata Knight Riders,Royal Challengers Bangalore,Kolkata,Kolkata Knight Riders,bat,Kolkata Knight Riders
Deccan Chargers,Rajasthan Royals,Jaipur,Rajasthan Royals,field,Rajasthan Royals
Royal Challengers Bangalore,Mumbai Indians,Bangalore,Mumbai Indians,field,Mumbai Indians
Chennai Super Kings,Kings XI Punjab,Chennai,Kings XI Punjab,field,Chennai Super Kings
Kolkata Knight Riders,Deccan Chargers,Hyderabad,Kolkata Knight Riders,bat,Kolkata Knight Riders
Delhi Daredevils,Rajasthan Royals,Jaipur,Rajasthan Royals,field,Rajasthan Royals
Royal Challengers Bangalore,Kings XI Punjab,Chandigarh,Royal Challengers Bangalore,bat,Kings XI Punjab
Kolkata Knight Riders,Delhi Daredevils,Kolkata,Kolkata Knight Riders,bat,Kolkata Knight Riders
Chennai Super Kings,Mumbai Indians,Mumbai,Mumbai Indians,field,Mumbai Indians
Kings XI Punjab,Rajasthan Royals,Chandigarh,Rajasthan Royals,field,Kings XI Punjab
Delhi Daredevils,Deccan Chargers,Delhi,Deccan Chargers,field,Delhi Daredevils
Kolkata Knight Riders,Mumbai Indians,Mumbai,Mumbai Indians,field,Mumbai Indians
Delhi Daredevils,Kings XI Punjab,Delhi,Delhi Daredevils,bat,Kings XI Punjab
Rajasthan Royals,Royal Challengers Bangalore,Jaipur,Royal Challengers Bangalore,field,Rajasthan Royals
Mumbai Indians,Deccan Chargers,Hyderabad,Deccan Chargers,field,Mumbai Indians
Kolkata Knight Riders,Chennai Super Kings,Kolkata,Kolkata Knight Riders,bat,Chennai Super Kings
Royal Challengers Bangalore,Delhi Daredevils,Bangalore,Delhi Daredevils,field,Delhi Daredevils
Kolkata Knight Riders,Rajasthan Royals,Kolkata,Rajasthan Royals,field,Rajasthan Royals
Kings XI Punjab,Mumbai Indians,Mumbai,Mumbai Indians,field,Kings XI Punjab
Royal Challengers Bangalore,Chennai Super Kings,Chennai,Royal Challengers Bangalore,bat,Royal Challengers Bangalore
Deccan Chargers,Kings XI Punjab,Chandigarh,Kings XI Punjab,field,Kings XI Punjab
Mumbai Indians,Delhi Daredevils,Delhi,Delhi Daredevils,field,Delhi Daredevils
Rajasthan Royals,Chennai Super Kings,Chennai,Rajasthan Royals,bat,Rajasthan Royals
Royal Challengers Bangalore,Deccan Chargers,Bangalore,Deccan Chargers,field,Royal Challengers Bangalore
Kings XI Punjab,Kolkata Knight Riders,Kolkata,Kings XI Punjab,bat,Kolkata Knight Riders
Mumbai Indians,Rajasthan Royals,Jaipur,Rajasthan Royals,field,Rajasthan Royals
Deccan Chargers,Chennai Super Kings,Hyderabad,Deccan Chargers,bat,Chennai Super Kings
Rajasthan Royals,Delhi Daredevils,Mumbai,Delhi Daredevils,field,Rajasthan Royals
Kings XI Punjab,Chennai Super Kings,Mumbai,Kings XI Punjab,bat,Chennai Super Kings
Chennai Super Kings,Rajasthan Royals,Mumbai,Rajasthan Royals,field,Rajasthan Royals
Mumbai Indians,Chennai Super Kings,Cape Town,Chennai Super Kings,field,Mumbai Indians
Royal Challengers Bangalore,Rajasthan Royals,Cape Town,Royal Challengers Bangalore,bat,Royal Challengers Bangalore
Kings XI Punjab,Delhi Daredevils,Cape Town,Delhi Daredevils,field,Delhi Daredevils
Kolkata Knight Riders,Deccan Chargers,Cape Town,Kolkata Knight Riders,bat,Deccan Chargers
Chennai Super Kings,Royal Challengers Bangalore,Port Elizabeth,Chennai Super Kings,bat,Chennai Super Kings
Kings XI Punjab,Kolkata Knight Riders,Durban,Kolkata Knight Riders,field,Kolkata Knight Riders
Deccan Chargers,Royal Challengers Bangalore,Cape Town,Deccan Chargers,bat,Deccan Chargers
Delhi Daredevils,Chennai Super Kings,Durban,Delhi Daredevils,bat,Delhi Daredevils
Rajasthan Royals,Kolkata Knight Riders,Cape Town,Kolkata Knight Riders,field,Rajasthan Royals
Royal Challengers Bangalore,Kings XI Punjab,Durban,Royal Challengers Bangalore,bat,Kings XI Punjab
Deccan Chargers,Mumbai Indians,Durban,Deccan Chargers,bat,Deccan Chargers
Royal Challengers Bangalore,Delhi Daredevils,Port Elizabeth,Royal Challengers Bangalore,bat,Delhi Daredevils
Kings XI Punjab,Rajasthan Royals,Cape Town,Kings XI Punjab,bat,Kings XI Punjab
Chennai Super Kings,Deccan Chargers,Durban,Deccan Chargers,field,Deccan Chargers
Mumbai Indians,Kolkata Knight Riders,Port Elizabeth,Mumbai Indians,bat,Mumbai Indians
Delhi Daredevils,Rajasthan Royals,Centurion,Delhi Daredevils,bat,Rajasthan Royals
Kolkata Knight Riders,Royal Challengers Bangalore,Durban,Kolkata Knight Riders,bat,Royal Challengers Bangalore
Kings XI Punjab,Mumbai Indians,Durban,Kings XI Punjab,bat,Kings XI Punjab
Deccan Chargers,Delhi Daredevils,Centurion,Delhi Daredevils,field,Delhi Daredevils
Chennai Super Kings,Rajasthan Royals,Centurion,Rajasthan Royals,field,Chennai Super Kings
Mumbai Indians,Kolkata Knight Riders,East London,Mumbai Indians,bat,Mumbai Indians
Royal Challengers Bangalore,Kings XI Punjab,Durban,Royal Challengers Bangalore,bat,Royal Challengers Bangalore
Deccan Chargers,Rajasthan Royals,Port Elizabeth,Deccan Chargers,bat,Rajasthan Royals
Chennai Super Kings,Delhi Daredevils,Johannesburg,Delhi Daredevils,field,Chennai Super Kings
Kolkata Knight Riders,Kings XI Punjab,Port Elizabeth,Kolkata Knight Riders,bat,Kings XI Punjab
Mumbai Indians,Royal Challengers Bangalore,Johannesburg,Mumbai Indians,bat,Royal Challengers Bangalore
Chennai Super Kings,Deccan Chargers,East London,Chennai Super Kings,bat,Chennai Super Kings
Rajasthan Royals,Kings XI Punjab,Durban,Kings XI Punjab,field,Rajasthan Royals
Kolkata Knight Riders,Delhi Daredevils,Durban,Kolkata Knight Riders,bat,Delhi Daredevils
Deccan Chargers,Mumbai Indians,Centurion,Deccan Chargers,bat,Deccan Chargers
Royal Challengers Bangalore,Rajasthan Royals,Centurion,Rajasthan Royals,field,Rajasthan Royals
Chennai Super Kings,Kings XI Punjab,Centurion,Chennai Super Kings,bat,Chennai Super Kings
Mumbai Indians,Delhi Daredevils,East London,Mumbai Indians,bat,Delhi Daredevils
Deccan Chargers,Kings XI Punjab,Kimberley,Kings XI Punjab,field,Kings XI Punjab
Rajasthan Royals,Chennai Super Kings,Kimberley,Rajasthan Royals,bat,Chennai Super Kings
Mumbai Indians,Royal Challengers Bangalore,Port Elizabeth,Mumbai Indians,bat,Mumbai Indians
Kolkata Knight Riders,Delhi Daredevils,Johannesburg,Delhi Daredevils,field,Delhi Daredevils
Deccan Chargers,Rajasthan Royals,Kimberley,Deccan Chargers,bat,Deccan Chargers
Kolkata Knight Riders,Royal Challengers Bangalore,Centurion,Royal Challengers Bangalore,field,Royal Challengers Bangalore
Kings XI Punjab,Mumbai Indians,Centurion,Kings XI Punjab,bat,Mumbai Indians
Delhi Daredevils,Deccan Chargers,Durban,Deccan Chargers,field,Delhi Daredevils
Chennai Super Kings,Royal Challengers Bangalore,Durban,Chennai Super Kings,bat,Royal Challengers Bangalore
Rajasthan Royals,Mumbai Indians,Durban,Rajasthan Royals,bat,Rajasthan Royals
Delhi Daredevils,Kings XI Punjab,Bloemfontein,Kings XI Punjab,field,Kings XI Punjab
Mumbai Indians,Chennai Super Kings,Port Elizabeth,Mumbai Indians,bat,Chennai Super Kings
Kolkata Knight Riders,Deccan Chargers,Johannesburg,Deccan Chargers,field,Deccan Chargers
Kings XI Punjab,Deccan Chargers,Johannesburg,Deccan Chargers,field,Kings XI Punjab
Delhi Daredevils,Rajasthan Royals,Bloemfontein,Delhi Daredevils,bat,Delhi Daredevils
Chennai Super Kings,Kolkata Knight Riders,Centurion,Chennai Super Kings,bat,Kolkata Knight Riders
Delhi Daredevils,Royal Challengers Bangalore,Johannesburg,Delhi Daredevils,bat,Royal Challengers Bangalore
Rajasthan Royals,Kolkata Knight Riders,Durban,Kolkata Knight Riders,field,Kolkata Knight Riders
Chennai Super Kings,Kings XI Punjab,Durban,Chennai Super Kings,bat,Chennai Super Kings
Mumbai Indians,Delhi Daredevils,Centurion,Delhi Daredevils,field,Delhi Daredevils
Royal Challengers Bangalore,Deccan Chargers,Centurion,Royal Challengers Bangalore,bat,Royal Challengers Bangalore
Delhi Daredevils,Deccan Chargers,Centurion,Deccan Chargers,field,Deccan Chargers
Chennai Super Kings,Royal Challengers Bangalore,Johannesburg,Royal Challengers Bangalore,field,Royal Challengers Bangalore
Deccan Chargers,Royal Challengers Bangalore,Johannesburg,Royal Challengers Bangalore,field,Deccan Chargers
Kolkata Knight Riders,Deccan Chargers,Mumbai,Deccan Chargers,field,Kolkata Knight Riders
Mumbai Indians,Rajasthan Royals,Mumbai,Mumbai Indians,bat,Mumbai Indians
Kings XI Punjab,Delhi Daredevils,Chandigarh,Delhi Daredevils,field,Delhi Daredevils
Royal Challengers Bangalore,Kolkata Knight Riders,Kolkata,Kolkata Knight Riders,field,Kolkata Knight Riders
Deccan Chargers,Chennai Super Kings,Chennai,Deccan Chargers,bat,Deccan Chargers
Rajasthan Royals,Delhi Daredevils,Ahmedabad,Delhi Daredevils,field,Delhi Daredevils
Kings XI Punjab,Royal Challengers Bangalore,Bangalore,Kings XI Punjab,bat,Royal Challengers Bangalore
Chennai Super Kings,Kolkata Knight Riders,Kolkata,Chennai Super Kings,bat,Chennai Super Kings
Mumbai Indians,Delhi Daredevils,Delhi,Delhi Daredevils,field,Mumbai Indians
Rajasthan Royals,Royal Challengers Bangalore,Bangalore,Royal Challengers Bangalore,field,Royal Challengers Bangalore
Delhi Daredevils,Chennai Super Kings,Delhi,Delhi Daredevils,bat,Chennai Super Kings
Deccan Chargers,Kings XI Punjab,Cuttack,Kings XI Punjab,field,Deccan Chargers
Rajasthan Royals,Kolkata Knight Riders,Ahmedabad,Rajasthan Royals,bat,Rajasthan Royals
Mumbai Indians,Royal Challengers Bangalore,Mumbai,Mumbai Indians,bat,Royal Challengers Bangalore
Deccan Chargers,Delhi Daredevils,Cuttack,Deccan Chargers,bat,Deccan Chargers
Kings XI Punjab,Chennai Super Kings,Chennai,Chennai Super Kings,field,Kings XI Punjab
Kolkata Knight Riders,Mumbai Indians,Mumbai,Kolkata Knight Riders,bat,Mumbai Indians
Royal Challengers Bangalore,Chennai Super Kings,Bangalore,Chennai Super Kings,field,Royal Challengers Bangalore
Rajasthan Royals,Kings XI Punjab,Chandigarh,Kings XI Punjab,field,Rajasthan Royals
Chennai Super Kings,Mumbai Indians,Mumbai,Mumbai Indians,field,Mumbai Indians
Deccan Chargers,Rajasthan Royals,Ahmedabad,Deccan Chargers,bat,Rajasthan Royals
Kolkata Knight Riders,Kings XI Punjab,Chandigarh,Kolkata Knight Riders,bat,Kolkata Knight Riders
Delhi Daredevils,Royal Challengers Bangalore,Bangalore,Royal Challengers Bangalore,field,Delhi Daredevils
Rajasthan Royals,Chennai Super Kings,Ahmedabad,Rajasthan Royals,bat,Rajasthan Royals
Mumbai Indians,Deccan Chargers,Mumbai,Deccan Chargers,field,Mumbai Indians
Delhi Daredevils,Kolkata Knight Riders,Delhi,Delhi Daredevils,bat,Delhi Daredevils
Kings XI Punjab,Mumbai Indians,Mumbai,Mumbai Indians,field,Mumbai Indians
Royal Challengers Bangalore,Chennai Super Kings,Chennai,Royal Challengers Bangalore,bat,Chennai Super Kings
Delhi Daredevils,Rajasthan Royals,Delhi,Delhi Daredevils,bat,Delhi Daredevils
Kolkata Knight Riders,Deccan Chargers,Kolkata,Kolkata Knight Riders,bat,Kolkata Knight Riders
Kings XI Punjab,Royal Challengers Bangalore,Chandigarh,Kings XI Punjab,bat,Royal Challengers Bangalore
Chennai Super Kings,Rajasthan Royals,Chennai,Chennai Super Kings,bat,Chennai Super Kings
Mumbai Indians,Deccan Chargers,Mumbai,Mumbai Indians,bat,Mumbai Indians
Kolkata Knight Riders,Kings XI Punjab,Kolkata,Kolkata Knight Riders,bat,Kings XI Punjab
Delhi Daredevils,Royal Challengers Bangalore,Delhi,Delhi Daredevils,bat,Delhi Daredevils
Rajasthan Royals,Deccan Chargers,Nagpur,Rajasthan Royals,bat,Rajasthan Royals
Chennai Super Kings,Mumbai Indians,Chennai,Chennai Super Kings,bat,Chennai Super Kings
Kings XI Punjab,Rajasthan Royals,Jaipur,Kings XI Punjab,bat,Rajasthan Royals
Kolkata Knight Riders,Delhi Daredevils,Kolkata,Kolkata Knight Riders,bat,Kolkata Knight Riders
Royal Challengers Bangalore,Deccan Chargers,Bangalore,Deccan Chargers,field,Deccan Chargers
Mumbai Indians,Kings XI Punjab,Chandigarh,Mumbai Indians,bat,Kings XI Punjab
Chennai Super Kings,Deccan Chargers,Nagpur,Chennai Super Kings,bat,Deccan Chargers
Kolkata Knight Riders,Royal Challengers Bangalore,Bangalore,Royal Challengers Bangalore,field,Royal Challengers Bangalore
Delhi Daredevils,Kings XI Punjab,Delhi,Delhi Daredevils,bat,Kings XI Punjab
Mumbai Indians,Rajasthan Royals,Jaipur,Rajasthan Royals,field,Mumbai Indians
Deccan Chargers,Royal Challengers Bangalore,Nagpur,Royal Challengers Bangalore,field,Deccan Chargers
Mumbai Indians,Delhi Daredevils,Mumbai,Mumbai Indians,bat,Mumbai Indians
Kolkata Knight Riders,Chennai Super Kings,Chennai,Kolkata Knight Riders,bat,Chennai Super Kings
Rajasthan Royals,Royal Challengers Bangalore,Jaipur,Rajasthan Royals,bat,Royal Challengers Bangalore
Chennai Super Kings,Delhi Daredevils,Chennai,Chennai Super Kings,bat,Delhi Daredevils
Kings XI Punjab,Deccan Chargers,Dharamsala,Deccan Chargers,field,Deccan Chargers
Mumbai Indians,Royal Challengers Bangalore,Bangalore,Royal Challengers Bangalore,field,Mumbai Indians
Rajasthan Royals,Kolkata Knight Riders,Kolkata,Rajasthan Royals,bat,Kolkata Knight Riders
Kings XI Punjab,Chennai Super Kings,Dharamsala,Chennai Super Kings,field,Chennai Super Kings
Deccan Chargers,Delhi Daredevils,Delhi,Deccan Chargers,bat,Deccan Chargers
Mumbai Indians,Kolkata Knight Riders,Kolkata,Mumbai Indians,bat,Kolkata Knight Riders
Mumbai Indians,Royal Challengers Bangalore,Mumbai,Mumbai Indians,bat,Mumbai Indians
Chennai Super Kings,Deccan Chargers,Mumbai,Chennai Super Kings,bat,Chennai Super Kings
Deccan Chargers,Royal Challengers Bangalore,Mumbai,Deccan Chargers,bat,Royal Challengers Bangalore
Chennai Super Kings,Mumbai Indians,Mumbai,Chennai Super Kings,bat,Chennai Super Kings
Chennai Super Kings,Kolkata Knight Riders,Chennai,Chennai Super Kings,bat,Chennai Super Kings
Deccan Chargers,Rajasthan Royals,Hyderabad,Rajasthan Royals,field,Rajasthan Royals
Kochi Tuskers Kerala,Royal Challengers Bangalore,Kochi,Kochi Tuskers Kerala,bat,Royal Challengers Bangalore
Delhi Daredevils,Mumbai Indians,Delhi,Delhi Daredevils,bat,Mumbai Indians
Kings XI Punjab,Pune Warriors,Mumbai,Kings XI Punjab,bat,Pune Warriors
Kolkata Knight Riders,Deccan Chargers,Kolkata,Kolkata Knight Riders,bat,Kolkata Knight Riders
Delhi Daredevils,Rajasthan Royals,Jaipur,Delhi Daredevils,bat,Rajasthan Royals
Royal Challengers Bangalore,Mumbai Indians,Bangalore,Mumbai Indians,field,Mumbai Indians
Chennai Super Kings,Kings XI Punjab,Chandigarh,Kings XI Punjab,field,Kings XI Punjab
Kochi Tuskers Kerala,Pune Warriors,Mumbai,Kochi Tuskers Kerala,bat,Pune Warriors
Deccan Chargers,Royal Challengers Bangalore,Hyderabad,Royal Challengers Bangalore,field,Deccan Chargers
Rajasthan Royals,Kolkata Knight Riders,Jaipur,Kolkata Knight Riders,field,Kolkata Knight Riders
Mumbai Indians,Kochi Tuskers Kerala,Mumbai,Kochi Tuskers Kerala,field,Kochi Tuskers Kerala
Chennai Super Kings,Royal Challengers Bangalore,Chennai,Chennai Super Kings,bat,Chennai Super Kings
Deccan Chargers,Kings XI Punjab,Hyderabad,Kings XI Punjab,field,Kings XI Punjab
Pune Warriors,Delhi Daredevils,Mumbai,Delhi Daredevils,field,Delhi Daredevils
Rajasthan Royals,Kolkata Knight Riders,Kolkata,Kolkata Knight Riders,field,Kolkata Knight Riders
Chennai Super Kings,Kochi Tuskers Kerala,Kochi,Kochi Tuskers Kerala,field,Kochi Tuskers Kerala
Deccan Chargers,Delhi Daredevils,Delhi,Deccan Chargers,bat,Deccan Chargers
Pune Warriors,Mumbai Indians,Mumbai,Pune Warriors,bat,Mumbai Indians
Kochi Tuskers Kerala,Kolkata Knight Riders,Kolkata,Kolkata Knight Riders,field,Kochi Tuskers Kerala
Kings XI Punjab,Rajasthan Royals,Chandigarh,Rajasthan Royals,field,Kings XI Punjab
Mumbai Indians,Chennai Super Kings,Mumbai,Chennai Super Kings,field,Mumbai Indians
Kolkata Knight Riders,Royal Challengers Bangalore,Kolkata,Royal Challengers Bangalore,field,Royal Challengers Bangalore
Delhi Daredevils,Kings XI Punjab,Delhi,Kings XI Punjab,field,Delhi Daredevils
Mumbai Indians,Deccan Chargers,Hyderabad,Deccan Chargers,field,Mumbai Indians
Kochi Tuskers Kerala,Rajasthan Royals,Jaipur,Rajasthan Royals,field,Rajasthan Royals
Chennai Super Kings,Pune Warriors,Chennai,Pune Warriors,field,Chennai Super Kings
Delhi Daredevils,Royal Challengers Bangalore,Delhi,Royal Challengers Bangalore,field,Royal Challengers Bangalore
Pune Warriors,Chennai Super Kings,Mumbai,Pune Warriors,bat,Chennai Super Kings
Deccan Chargers,Kochi Tuskers Kerala,Kochi,Kochi Tuskers Kerala,field,Deccan Chargers
Kolkata Knight Riders,Delhi Daredevils,Delhi,Delhi Daredevils,field,Kolkata Knight Riders
Mumbai Indians,Rajasthan Royals,Jaipur,Rajasthan Royals,field,Rajasthan Royals
Royal Challengers Bangalore,Pune Warriors,Bangalore,Pune Warriors,field,Royal Challengers Bangalore
Delhi Daredevils,Kochi Tuskers Kerala,Kochi,Delhi Daredevils,bat,Delhi Daredevils
Kings XI Punjab,Kolkata Knight Riders,Kolkata,Kolkata Knight Riders,field,Kolkata Knight Riders
Pune Warriors,Rajasthan Royals,Jaipur,Rajasthan Royals,field,Rajasthan Royals
Chennai Super Kings,Deccan Chargers,Chennai,Chennai Super Kings,bat,Chennai Super Kings
Mumbai Indians,Kings XI Punjab,Mumbai,Kings XI Punjab,field,Mumbai Indians
Delhi Daredevils,Kochi Tuskers Kerala,Delhi,Kochi Tuskers Kerala,field,Kochi Tuskers Kerala
Kolkata Knight Riders,Deccan Chargers,Hyderabad,Deccan Chargers,field,Kolkata Knight Riders
Rajasthan Royals,Chennai Super Kings,Chennai,Rajasthan Royals,bat,Chennai Super Kings
Mumbai Indians,Pune Warriors,Mumbai,Pune Warriors,field,Mumbai Indians
Kochi Tuskers Kerala,Kolkata Knight Riders,Kochi,Kolkata Knight Riders,field,Kochi Tuskers Kerala
Deccan Chargers,Delhi Daredevils,Hyderabad,Delhi Daredevils,field,Delhi Daredevils
Royal Challengers Bangalore,Kings XI Punjab,Bangalore,Kings XI Punjab,field,Royal Challengers Bangalore
Chennai Super Kings,Kolkata Knight Riders,Kolkata,Chennai Super Kings,bat,Kolkata Knight Riders
Mumbai Indians,Delhi Daredevils,Mumbai,Delhi Daredevils,field,Mumbai Indians
Kochi Tuskers Kerala,Royal Challengers Bangalore,Bangalore,Kochi Tuskers Kerala,bat,Royal Challengers Bangalore
Kings XI Punjab,Pune Warriors,Chandigarh,Kings XI Punjab,bat,Pune Warriors
Chennai Super Kings,Rajasthan Royals,Jaipur,Rajasthan Royals,field,Chennai Super Kings
Deccan Chargers,Pune Warriors,Hyderabad,Deccan Chargers,bat,Pune Warriors
Kings XI Punjab,Mumbai Indians,Chandigarh,Mumbai Indians,field,Kings XI Punjab
Rajasthan Royals,Royal Challengers Bangalore,Jaipur,Royal Challengers Bangalore,field,Royal Challengers Bangalore
Chennai Super Kings,Delhi Daredevils,Chennai,Chennai Super Kings,bat,Chennai Super Kings
Kochi Tuskers Kerala,Kings XI Punjab,Indore,Kings XI Punjab,field,Kings XI Punjab
Kolkata Knight Riders,Royal Challengers Bangalore,Bangalore,Royal Challengers Bangalore,field,Royal Challengers Bangalore
Deccan Chargers,Mumbai Indians,Mumbai,Deccan Chargers,bat,Deccan Chargers
Kings XI Punjab,Delhi Daredevils,Dharamsala,Delhi Daredevils,field,Kings XI Punjab
Rajasthan Royals,Kochi Tuskers Kerala,Indore,Kochi Tuskers Kerala,field,Kochi Tuskers Kerala
Pune Warriors,Deccan Chargers,Mumbai,Deccan Chargers,field,Deccan Chargers
Kings XI Punjab,Royal Challengers Bangalore,Dharamsala,Kings XI Punjab,bat,Kings XI Punjab
Chennai Super Kings,Kochi Tuskers Kerala,Chennai,Chennai Super Kings,bat,Chennai Super Kings
Pune Warriors,Kolkata Knight Riders,Mumbai,Kolkata Knight Riders,field,Kolkata Knight Riders
Mumbai Indians,Rajasthan Royals,Mumbai,Mumbai Indians,bat,Rajasthan Royals
Deccan Chargers,Kings XI Punjab,Dharamsala,Kings XI Punjab,field,Deccan Chargers
Delhi Daredevils,Pune Warriors,Delhi,Delhi Daredevils,bat,
Chennai Super Kings,Royal Challengers Bangalore,Bangalore,Royal Challengers Bangalore,field,Royal Challengers Bangalore
Kolkata Knight Riders,Mumbai Indians,Kolkata,Mumbai Indians,field,Mumbai Indians
Royal Challengers Bangalore,Chennai Super Kings,Mumbai,Chennai Super Kings,field,Chennai Super Kings
Kolkata Knight Riders,Mumbai Indians,Mumbai,Mumbai Indians,field,Mumbai Indians
Royal Challengers Bangalore,Mumbai Indians,Chennai,Mumbai Indians,field,Royal Challengers Bangalore
Chennai Super Kings,Royal Challengers Bangalore,Chennai,Chennai Super Kings,bat,Chennai Super Kings
Chennai Super Kings,Mumbai Indians,Chennai,Mumbai Indians,field,Mumbai Indians
Kolkata Knight Riders,Delhi Daredevils,Kolkata,Delhi Daredevils,field,Delhi Daredevils
Pune Warriors,Mumbai Indians,Mumbai,Mumbai Indians,field,Pune Warriors
Rajasthan Royals,Kings XI Punjab,Jaipur,Kings XI Punjab,field,Rajasthan Royals
Royal Challengers Bangalore,Delhi Daredevils,Bangalore,Delhi Daredevils,field,Royal Challengers Bangalore
Chennai Super Kings,Deccan Chargers,Visakhapatnam,Deccan Chargers,field,Chennai Super Kings
Rajasthan Royals,Kolkata Knight Riders,Jaipur,Kolkata Knight Riders,field,Rajasthan Royals
Pune Warriors,Kings XI Punjab,Pune,Pune Warriors,bat,Pune Warriors
Deccan Chargers,Mumbai Indians,Visakhapatnam,Deccan Chargers,bat,Mumbai Indians
Kolkata Knight Riders,Royal Challengers Bangalore,Bangalore,Royal Challengers Bangalore,field,Kolkata Knight Riders
Chennai Super Kings,Delhi Daredevils,Delhi,Delhi Daredevils,field,Delhi Daredevils
Mumbai Indians,Rajasthan Royals,Mumbai,Rajasthan Royals,field,Mumbai Indians
Royal Challengers Bangalore,Chennai Super Kings,Chennai,Royal Challengers Bangalore,bat,Chennai Super Kings
Pune Warriors,Kings XI Punjab,Chandigarh,Kings XI Punjab,field,Kings XI Punjab
Rajasthan Royals,Kolkata Knight Riders,Kolkata,Rajasthan Royals,bat,Kolkata Knight Riders
Deccan Chargers,Delhi Daredevils,Delhi,Deccan Chargers,bat,Delhi Daredevils
Chennai Super Kings,Pune Warriors,Pune,Chennai Super Kings,bat,Pune Warriors
Kings XI Punjab,Kolkata Knight Riders,Kolkata,Kolkata Knight Riders,field,Kings XI Punjab
Rajasthan Royals,Royal Challengers Bangalore,Bangalore,Rajasthan Royals,bat,Rajasthan Royals
Mumbai Indians,Delhi Daredevils,Mumbai,Delhi Daredevils,field,Delhi Daredevils
Deccan Chargers,Rajasthan Royals,Jaipur,Deccan Chargers,bat,Rajasthan Royals
Pune Warriors,Royal Challengers Bangalore,Bangalore,Pune Warriors,bat,Royal Challengers Bangalore
Kings XI Punjab,Kolkata Knight Riders,Chandigarh,Kings XI Punjab,bat,Kolkata Knight Riders
Deccan Chargers,Delhi Daredevils,Hyderabad,Deccan Chargers,bat,Delhi Daredevils
Chennai Super Kings,Pune Warriors,Chennai,Pune Warriors,field,Chennai Super Kings
Kings XI Punjab,Royal Challengers Bangalore,Chandigarh,Royal Challengers Bangalore,field,Royal Challengers Bangalore
Rajasthan Royals,Chennai Super Kings,Chennai,Rajasthan Royals,bat,Chennai Super Kings
Pune Warriors,Delhi Daredevils,Delhi,Delhi Daredevils,field,Pune Warriors
Mumbai Indians,Kings XI Punjab,Mumbai,Mumbai Indians,bat,Kings XI Punjab
Deccan Chargers,Kolkata Knight Riders,Cuttack,Kolkata Knight Riders,field,Kolkata Knight Riders
Royal Challengers Bangalore,Rajasthan Royals,Jaipur,Rajasthan Royals,field,Royal Challengers Bangalore
Pune Warriors,Delhi Daredevils,Pune,Pune Warriors,bat,Delhi Daredevils
Kings XI Punjab,Mumbai Indians,Chandigarh,Kings XI Punjab,bat,Mumbai Indians
Deccan Chargers,Pune Warriors,Pune,Deccan Chargers,bat,Deccan Chargers
Delhi Daredevils,Mumbai Indians,Delhi,Mumbai Indians,field,Delhi Daredevils
Kings XI Punjab,Chennai Super Kings,Chennai,Kings XI Punjab,bat,Kings XI Punjab
Kolkata Knight Riders,Royal Challengers Bangalore,Kolkata,Kolkata Knight Riders,bat,Kolkata Knight Riders
Delhi Daredevils,Rajasthan Royals,Delhi,Delhi Daredevils,bat,Delhi Daredevils
Deccan Chargers,Mumbai Indians,Mumbai,Mumbai Indians,field,Mumbai Indians
Chennai Super Kings,Kolkata Knight Riders,Chennai,Chennai Super Kings,bat,Kolkata Knight Riders
Deccan Chargers,Pune Warriors,Cuttack,Deccan Chargers,bat,Deccan Chargers
Rajasthan Royals,Delhi Daredevils,Jaipur,Rajasthan Royals,bat,Delhi Daredevils
Royal Challengers Bangalore,Kings XI Punjab,Bangalore,Kings XI Punjab,field,Kings XI Punjab
Mumbai Indians,Pune Warriors,Pune,Mumbai Indians,bat,Mumbai Indians
Chennai Super Kings,Deccan Chargers,Chennai,Chennai Super Kings,bat,Chennai Super Kings
Kolkata Knight Riders,Pune Warriors,Kolkata,Kolkata Knight Riders,bat,Kolkata Knight Riders
Rajasthan Royals,Kings XI Punjab,Chandigarh,Rajasthan Royals,bat,Rajasthan Royals
Chennai Super Kings,Mumbai Indians,Mumbai,Mumbai Indians,field,Mumbai Indians
Deccan Chargers,Royal Challengers Bangalore,Bangalore,Royal Challengers Bangalore,field,Royal Challengers Bangalore
Delhi Daredevils,Kolkata Knight Riders,Delhi,Delhi Daredevils,bat,Kolkata Knight Riders
Pune Warriors,Rajasthan Royals,Pune,Pune Warriors,bat,Rajasthan Royals
Kings XI Punjab,Deccan Chargers,Hyderabad,Deccan Chargers,field,Kings XI Punjab
Mumbai Indians,Royal Challengers Bangalore,Mumbai,Royal Challengers Bangalore,field,Royal Challengers Bangalore
Rajasthan Royals,Chennai Super Kings,Jaipur,Chennai Super Kings,field,Chennai Super Kings
Royal Challengers Bangalore,Pune Warriors,Pune,Pune Warriors,field,Royal Challengers Bangalore
Mumbai Indians,Kolkata Knight Riders,Kolkata,Mumbai Indians,bat,Mumbai Indians
Delhi Daredevils,Chennai Super Kings,Chennai,Chennai Super Kings,field,Chennai Super Kings
Rajasthan Royals,Pune Warriors,Jaipur,Rajasthan Royals,bat,Rajasthan Royals
Deccan Chargers,Kings XI Punjab,Chandigarh,Deccan Chargers,bat,Kings XI Punjab
Royal Challengers Bangalore,Mumbai Indians,Bangalore,Mumbai Indians,field,Mumbai Indians
Kolkata Knight Riders,Chennai Super Kings,Kolkata,Chennai Super Kings,field,Chennai Super Kings
Kings XI Punjab,Delhi Daredevils,Delhi,Kings XI Punjab,bat,Delhi Daredevils
Kolkata Knight Riders,Mumbai Indians,Mumbai,Mumbai Indians,field,Kolkata Knight Riders
Chennai Super Kings,Kings XI Punjab,Dharamsala,Kings XI Punjab,field,Kings XI Punjab
Royal Challengers Bangalore,Delhi Daredevils,Delhi,Delhi Daredevils,field,Royal Challengers Bangalore
Rajasthan Royals,Deccan Chargers,Hyderabad,Rajasthan Royals,bat,Deccan Chargers
Kings XI Punjab,Delhi Daredevils,Dharamsala,Delhi Daredevils,field,Delhi Daredevils
Kolkata Knight Riders,Pune Warriors,Pune,Kolkata Knight Riders,bat,Kolkata Knight Riders
Deccan Chargers,Royal Challengers Bangalore,Hyderabad,Royal Challengers Bangalore,field,Deccan Chargers
Rajasthan Royals,Mumbai Indians,Jaipur,Rajasthan Royals,bat,Mumbai Indians
Kolkata Knight Riders,Delhi Daredevils,Pune,Kolkata Knight Riders,bat,Kolkata Knight Riders
Chennai Super Kings,Mumbai Indians,Bangalore,Mumbai Indians,field,Chennai Super Kings
Chennai Super Kings,Delhi Daredevils,Chennai,Delhi Daredevils,field,Chennai Super Kings
Chennai Super Kings,Kolkata Knight Riders,Chennai,Chennai Super Kings,bat,Kolkata Knight Riders
Delhi Daredevils,Kolkata Knight Riders,Kolkata,Kolkata Knight Riders,field,Kolkata Knight Riders
Royal Challengers Bangalore,Mumbai Indians,Bangalore,Mumbai Indians,field,Royal Challengers Bangalore
Sunrisers Hyderabad,Pune Warriors,Hyderabad,Pune Warriors,field,Sunrisers Hyderabad
Rajasthan Royals,Delhi Daredevils,Delhi,Rajasthan Royals,bat,Rajasthan Royals
Mumbai Indians,Chennai Super Kings,Chennai,Mumbai Indians,bat,Mumbai Indians
Pune Warriors,Kings XI Punjab,Pune,Pune Warriors,bat,Kings XI Punjab
Royal Challengers Bangalore,Sunrisers Hyderabad,Hyderabad,Royal Challengers Bangalore,bat,Sunrisers Hyderabad
Rajasthan Royals,Kolkata Knight Riders,Jaipur,Kolkata Knight Riders,field,Rajasthan Royals
Mumbai Indians,Delhi Daredevils,Mumbai,Mumbai Indians,bat,Mumbai Indians
Kings XI Punjab,Chennai Super Kings,Chandigarh,Chennai Super Kings,field,Chennai Super Kings
Kolkata Knight Riders,Royal Challengers Bangalore,Bangalore,Royal Challengers Bangalore,field,Royal Challengers Bangalore
Rajasthan Royals,Pune Warriors,Pune,Rajasthan Royals,bat,Pune Warriors
Delhi Daredevils,Sunrisers Hyderabad,Delhi,Delhi Daredevils,bat,Sunrisers Hyderabad
Mumbai Indians,Pune Warriors,Mumbai,Mumbai Indians,bat,Mumbai Indians
Royal Challengers Bangalore,Chennai Super Kings,Chennai,Chennai Super Kings,field,Chennai Super Kings
Kolkata Knight Riders,Sunrisers Hyderabad,Kolkata,Kolkata Knight Riders,bat,Kolkata Knight Riders
Kings XI Punjab,Rajasthan Royals,Jaipur,Rajasthan Royals,field,Rajasthan Royals
Pune Warriors,Chennai Super Kings,Chennai,Pune Warriors,bat,Pune Warriors
Kings XI Punjab,Kolkata Knight Riders,Chandigarh,Kolkata Knight Riders,field,Kings XI Punjab
Delhi Daredevils,Royal Challengers Bangalore,Bangalore,Royal Challengers Bangalore,field,Royal Challengers Bangalore
Sunrisers Hyderabad,Pune Warriors,Pune,Pune Warriors,field,Sunrisers Hyderabad
Rajasthan Royals,Mumbai Indians,Jaipur,Rajasthan Royals,bat,Rajasthan Royals
Chennai Super Kings,Delhi Daredevils,Delhi,Chennai Super Kings,bat,Chennai Super Kings
Kings XI Punjab,Sunrisers Hyderabad,Hyderabad,Kings XI Punjab,bat,Sunrisers Hyderabad
Kolkata Knight Riders,Chennai Super Kings,Kolkata,Kolkata Knight Riders,bat,Chennai Super Kings
Rajasthan Royals,Royal Challengers Bangalore,Bangalore,Royal Challengers Bangalore,field,Royal Challengers Bangalore
Mumbai Indians,Delhi Daredevils,Delhi,Mumbai Indians,bat,Delhi Daredevils
Pune Warriors,Kings XI Punjab,Chandigarh,Kings XI Punjab,field,Kings XI Punjab
Rajasthan Royals,Chennai Super Kings,Chennai,Rajasthan Royals,bat,Chennai Super Kings
Royal Challengers Bangalore,Pune Warriors,Bangalore,Pune Warriors,field,Royal Challengers Bangalore
Kings XI Punjab,Delhi Daredevils,Dharamsala,Delhi Daredevils,field,Kings XI Punjab
Kolkata Knight Riders,Mumbai Indians,Kolkata,Kolkata Knight Riders,bat,Mumbai Indians
Sunrisers Hyderabad,Chennai Super Kings,Chennai,Sunrisers Hyderabad,bat,Chennai Super Kings
Kings XI Punjab,Kolkata Knight Riders,Kolkata,Kings XI Punjab,bat,Kolkata Knight Riders
Sunrisers Hyderabad,Rajasthan Royals,Jaipur,Sunrisers Hyderabad,bat,Rajasthan Royals
Mumbai Indians,Royal Challengers Bangalore,Mumbai,Mumbai Indians,bat,Mumbai Indians
Chennai Super Kings,Kolkata Knight Riders,Chennai,Kolkata Knight Riders,field,Chennai Super Kings
Delhi Daredevils,Pune Warriors,Raipur,Pune Warriors,field,Delhi Daredevils
Royal Challengers Bangalore,Rajasthan Royals,Jaipur,Rajasthan Royals,field,Rajasthan Royals
Mumbai Indians,Kings XI Punjab,Mumbai,Mumbai Indians,bat,Mumbai Indians
Chennai Super Kings,Pune Warriors,Pune,Chennai Super Kings,bat,Chennai Super Kings
Mumbai Indians,Sunrisers Hyderabad,Hyderabad,Mumbai Indians,bat,Sunrisers Hyderabad
Kolkata Knight Riders,Delhi Daredevils,Raipur,Kolkata Knight Riders,bat,Delhi Daredevils
Chennai Super Kings,Kings XI Punjab,Chennai,Chennai Super Kings,bat,Chennai Super Kings
Royal Challengers Bangalore,Pune Warriors,Pune,Royal Challengers Bangalore,bat,Royal Challengers Bangalore
Rajasthan Royals,Kolkata Knight Riders,Kolkata,Rajasthan Royals,bat,Kolkata Knight Riders
Delhi Daredevils,Sunrisers Hyderabad,Hyderabad,Delhi Daredevils,bat,Sunrisers Hyderabad
Royal Challengers Bangalore,Kings XI Punjab,Bangalore,Kings XI Punjab,field,Kings XI Punjab
Mumbai Indians,Chennai Super Kings,Mumbai,Mumbai Indians,bat,Mumbai Indians
Pune Warriors,Rajasthan Royals,Jaipur,Pune Warriors,bat,Rajasthan Royals
Sunrisers Hyderabad,Royal Challengers Bangalore,Bangalore,Sunrisers Hyderabad,bat,Royal Challengers Bangalore
Delhi Daredevils,Rajasthan Royals,Jaipur,Delhi Daredevils,bat,Rajasthan Royals
Mumbai Indians,Kolkata Knight Riders,Mumbai,Mumbai Indians,bat,Mumbai Indians
Chennai Super Kings,Sunrisers Hyderabad,Hyderabad,Sunrisers Hyderabad,field,Chennai Super Kings
Kings XI Punjab,Rajasthan Royals,Chandigarh,Rajasthan Royals,field,Rajasthan Royals
Kolkata Knight Riders,Pune Warriors,Pune,Kolkata Knight Riders,bat,Kolkata Knight Riders
Royal Challengers Bangalore,Delhi Daredevils,Delhi,Delhi Daredevils,field,Royal Challengers Bangalore
Pune Warriors,Mumbai Indians,Pune,Pune Warriors,bat,Mumbai Indians
Sunrisers Hyderabad,Kings XI Punjab,Chandigarh,Kings XI Punjab,field,Sunrisers Hyderabad
Royal Challengers Bangalore,Kolkata Knight Riders,Ranchi,Kolkata Knight Riders,field,Kolkata Knight Riders
Chennai Super Kings,Rajasthan Royals,Jaipur,Rajasthan Royals,field,Rajasthan Royals
Delhi Daredevils,Kings XI Punjab,Delhi,Kings XI Punjab,field,Kings XI Punjab
Sunrisers Hyderabad,Mumbai Indians,Mumbai,Sunrisers Hyderabad,bat,Mumbai Indians
Pune Warriors,Kolkata Knight Riders,Ranchi,Kolkata Knight Riders,field,Pune Warriors
Chennai Super Kings,Delhi Daredevils,Chennai,Chennai Super Kings,bat,Chennai Super Kings
Mumbai Indians,Rajasthan Royals,Mumbai,Rajasthan Royals,field,Mumbai Indians
Royal Challengers Bangalore,Kings XI Punjab,Chandigarh,Kings XI Punjab,field,Kings XI Punjab
Sunrisers Hyderabad,Rajasthan Royals,Hyderabad,Sunrisers Hyderabad,bat,Sunrisers Hyderabad
Kings XI Punjab,Mumbai Indians,Dharamsala,Mumbai Indians,field,Kings XI Punjab
Pune Warriors,Delhi Daredevils,Pune,Pune Warriors,bat,Pune Warriors
Royal Challengers Bangalore,Chennai Super Kings,Bangalore,Chennai Super Kings,field,Royal Challengers Bangalore
Kolkata Knight Riders,Sunrisers Hyderabad,Hyderabad,Kolkata Knight Riders,bat,Sunrisers Hyderabad
Chennai Super Kings,Mumbai Indians,Delhi,Chennai Super Kings,bat,Chennai Super Kings
Sunrisers Hyderabad,Rajasthan Royals,Delhi,Sunrisers Hyderabad,bat,Rajasthan Royals
Rajasthan Royals,Mumbai Indians,Kolkata,Rajasthan Royals,bat,Mumbai Indians
Mumbai Indians,Chennai Super Kings,Kolkata,Mumbai Indians,bat,Mumbai Indians
Kolkata Knight Riders,Mumbai Indians,Abu Dhabi,Kolkata Knight Riders,bat,Kolkata Knight Riders
Delhi Daredevils,Royal Challengers Bangalore,Sharjah,Royal Challengers Bangalore,field,Royal Challengers Bangalore
Chennai Super Kings,Kings XI Punjab,Abu Dhabi,Chennai Super Kings,bat,Kings XI Punjab
Sunrisers Hyderabad,Rajasthan Royals,Abu Dhabi,Rajasthan Royals,field,Rajasthan Royals
Mumbai Indians,Royal Challengers Bangalore,,Royal Challengers Bangalore,field,Royal Challengers Bangalore
Kolkata Knight Riders,Delhi Daredevils,,Kolkata Knight Riders,bat,Delhi Daredevils
Rajasthan Royals,Kings XI Punjab,Sharjah,Kings XI Punjab,field,Kings XI Punjab
Chennai Super Kings,Delhi Daredevils,Abu Dhabi,Chennai Super Kings,bat,Chennai Super Kings
Kings XI Punjab,Sunrisers Hyderabad,Sharjah,Sunrisers Hyderabad,field,Kings XI Punjab
Chennai Super Kings,Rajasthan Royals,,Rajasthan Royals,field,Chennai Super Kings
Kolkata Knight Riders,Royal Challengers Bangalore,Sharjah,Royal Challengers Bangalore,field,Kolkata Knight Riders
Sunrisers Hyderabad,Delhi Daredevils,,Sunrisers Hyderabad,bat,Sunrisers Hyderabad
Mumbai Indians,Chennai Super Kings,,Mumbai Indians,bat,Chennai Super Kings
Royal Challengers Bangalore,Rajasthan Royals,Abu Dhabi,Rajasthan Royals,field,Rajasthan Royals
Kings XI Punjab,Kolkata Knight Riders,Abu Dhabi,Kolkata Knight Riders,field,Kings XI Punjab
Mumbai Indians,Delhi Daredevils,Sharjah,Mumbai Indians,bat,Delhi Daredevils
Sunrisers Hyderabad,Chennai Super Kings,Sharjah,Sunrisers Hyderabad,bat,Chennai Super Kings
Royal Challengers Bangalore,Kings XI Punjab,,Kings XI Punjab,field,Kings XI Punjab
Rajasthan Royals,Kolkata Knight Riders,Abu Dhabi,Rajasthan Royals,bat,Rajasthan Royals
Sunrisers Hyderabad,Mumbai Indians,,Mumbai Indians,field,Sunrisers Hyderabad
Chennai Super Kings,Kolkata Knight Riders,Ranchi,Chennai Super Kings,bat,Chennai Super Kings
Kings XI Punjab,Mumbai Indians,Mumbai,Kings XI Punjab,bat,Mumbai Indians
Delhi Daredevils,Rajasthan Royals,Delhi,Rajasthan Royals,field,Rajasthan Royals
Sunrisers Hyderabad,Royal Challengers Bangalore,Bangalore,Royal Challengers Bangalore,field,Royal Challengers Bangalore
Rajasthan Royals,Kolkata Knight Riders,Ahmedabad,Kolkata Knight Riders,field,Rajasthan Royals
Delhi Daredevils,Chennai Super Kings,Delhi,Chennai Super Kings,field,Chennai Super Kings
Mumbai Indians,Royal Challengers Bangalore,Mumbai,Royal Challengers Bangalore,field,Mumbai Indians
Delhi Daredevils,Kolkata Knight Riders,Delhi,Delhi Daredevils,bat,Kolkata Knight Riders
Kings XI Punjab,Chennai Super Kings,Cuttack,Chennai Super Kings,field,Kings XI Punjab
Sunrisers Hyderabad,Rajasthan Royals,Ahmedabad,Rajasthan Royals,field,Sunrisers Hyderabad
Kings XI Punjab,Royal Challengers Bangalore,Bangalore,Royal Challengers Bangalore,field,Kings XI Punjab
Delhi Daredevils,Sunrisers Hyderabad,Delhi,Sunrisers Hyderabad,field,Sunrisers Hyderabad
Mumbai Indians,Chennai Super Kings,Mumbai,Chennai Super Kings,field,Chennai Super Kings
Kings XI Punjab,Kolkata Knight Riders,Cuttack,Kolkata Knight Riders,field,Kolkata Knight Riders
Royal Challengers Bangalore,Rajasthan Royals,Bangalore,Royal Challengers Bangalore,bat,Rajasthan Royals
Sunrisers Hyderabad,Mumbai Indians,Hyderabad,Sunrisers Hyderabad,bat,Mumbai Indians
Rajasthan Royals,Chennai Super Kings,Ranchi,Rajasthan Royals,bat,Chennai Super Kings
Royal Challengers Bangalore,Delhi Daredevils,Bangalore,Delhi Daredevils,field,Royal Challengers Bangalore
Sunrisers Hyderabad,Kings XI Punjab,Hyderabad,Kings XI Punjab,field,Kings XI Punjab
Mumbai Indians,Kolkata Knight Riders,Cuttack,Kolkata Knight Riders,field,Kolkata Knight Riders
Rajasthan Royals,Delhi Daredevils,Ahmedabad,Delhi Daredevils,field,Rajasthan Royals
Chennai Super Kings,Royal Challengers Bangalore,Ranchi,Chennai Super Kings,bat,Royal Challengers Bangalore
Sunrisers Hyderabad,Kolkata Knight Riders,Hyderabad,Sunrisers Hyderabad,bat,Kolkata Knight Riders
Mumbai Indians,Rajasthan Royals,Ahmedabad,Mumbai Indians,bat,Mumbai Indians
Delhi Daredevils,Kings XI Punjab,Delhi,Kings XI Punjab,field,Kings XI Punjab
Royal Challengers Bangalore,Sunrisers Hyderabad,Hyderabad,Royal Challengers Bangalore,bat,Sunrisers Hyderabad
Chennai Super Kings,Kolkata Knight Riders,Kolkata,Kolkata Knight Riders,field,Kolkata Knight Riders
Kings XI Punjab,Mumbai Indians,Chandigarh,Mumbai Indians,field,Mumbai Indians
Kolkata Knight Riders,Royal Challengers Bangalore,Kolkata,Royal Challengers Bangalore,field,Kolkata Knight Riders
Chennai Super Kings,Sunrisers Hyderabad,Ranchi,Sunrisers Hyderabad,field,Sunrisers Hyderabad
Mumbai Indians,Delhi Daredevils,Mumbai,Delhi Daredevils,field,Mumbai Indians
Kings XI Punjab,Rajasthan Royals,Chandigarh,Rajasthan Royals,field,Kings XI Punjab
Royal Challengers Bangalore,Chennai Super Kings,Bangalore,Chennai Super Kings,field,Chennai Super Kings
Sunrisers Hyderabad,Kolkata Knight Riders,Kolkata,Kolkata Knight Riders,field,Kolkata Knight Riders
Delhi Daredevils,Kings XI Punjab,Chandigarh,Kings XI Punjab,field,Kings XI Punjab
Rajasthan Royals,Mumbai Indians,Mumbai,Mumbai Indians,field,Mumbai Indians
Kolkata Knight Riders,Kings XI Punjab,Kolkata,Kings XI Punjab,field,Kolkata Knight Riders
Mumbai Indians,Chennai Super Kings,Mumbai,Chennai Super Kings,field,Chennai Super Kings
Kings XI Punjab,Chennai Super Kings,Mumbai,Chennai Super Kings,field,Kings XI Punjab
Kings XI Punjab,Kolkata Knight Riders,Bangalore,Kolkata Knight Riders,field,Kolkata Knight Riders
Mumbai Indians,Kolkata Knight Riders,Kolkata,Kolkata Knight Riders,field,Kolkata Knight Riders
Chennai Super Kings,Delhi Daredevils,Chennai,Delhi Daredevils,field,Chennai Super Kings
Rajasthan Royals,Kings XI Punjab,Pune,Kings XI Punjab,field,Rajasthan Royals
Chennai Super Kings,Sunrisers Hyderabad,Chennai,Chennai Super Kings,bat,Chennai Super Kings
Kolkata Knight Riders,Royal Challengers Bangalore,Kolkata,Royal Challengers Bangalore,field,Royal Challengers Bangalore
Delhi Daredevils,Rajasthan Royals,Delhi,Rajasthan Royals,field,Rajasthan Royals
Kings XI Punjab,Mumbai Indians,Mumbai,Mumbai Indians,field,Kings XI Punjab
Royal Challengers Bangalore,Sunrisers Hyderabad,Bangalore,Sunrisers Hyderabad,field,Sunrisers Hyderabad
Mumbai Indians,Rajasthan Royals,Ahmedabad,Mumbai Indians,bat,Rajasthan Royals
Chennai Super Kings,Kolkata Knight Riders,Kolkata,Kolkata Knight Riders,field,Kolkata Knight Riders
Kings XI Punjab,Delhi Daredevils,Pune,Kings XI Punjab,bat,Delhi Daredevils
Sunrisers Hyderabad,Rajasthan Royals,Visakhapatnam,Rajasthan Royals,field,Rajasthan Royals
Mumbai Indians,Chennai Super Kings,Mumbai,Mumbai Indians,bat,Chennai Super Kings
Delhi Daredevils,Sunrisers Hyderabad,Visakhapatnam,Delhi Daredevils,bat,Delhi Daredevils
Kings XI Punjab,Kolkata Knight Riders,Pune,Kolkata Knight Riders,field,Kolkata Knight Riders
Chennai Super Kings,Rajasthan Royals,Ahmedabad,Chennai Super Kings,bat,Rajasthan Royals
Mumbai Indians,Royal Challengers Bangalore,Bangalore,Royal Challengers Bangalore,field,Mumbai Indians
Delhi Daredevils,Kolkata Knight Riders,Delhi,Kolkata Knight Riders,field,Kolkata Knight Riders
Rajasthan Royals,Kings XI Punjab,Ahmedabad,Kings XI Punjab,field,Kings XI Punjab
Sunrisers Hyderabad,Kolkata Knight Riders,Visakhapatnam,Kolkata Knight Riders,field,Sunrisers Hyderabad
Chennai Super Kings,Royal Challengers Bangalore,Bangalore,Royal Challengers Bangalore,field,Chennai Super Kings
Delhi Daredevils,Mumbai Indians,Delhi,Mumbai Indians,field,Delhi Daredevils
Rajasthan Royals,Royal Challengers Bangalore,Ahmedabad,Royal Challengers Bangalore,field,Royal Challengers Bangalore
Mumbai Indians,Sunrisers Hyderabad,Mumbai,Mumbai Indians,bat,Mumbai Indians
Chennai Super Kings,Kings XI Punjab,Chennai,Chennai Super Kings,bat,Chennai Super Kings
Delhi Daredevils,Royal Challengers Bangalore,Delhi,Royal Challengers Bangalore,field,Royal Challengers Bangalore
Sunrisers Hyderabad,Kings XI Punjab,Chandigarh,Kings XI Punjab,field,Sunrisers Hyderabad
Kolkata Knight Riders,Delhi Daredevils,Kolkata,Kolkata Knight Riders,bat,Kolkata Knight Riders
Royal Challengers Bangalore,Rajasthan Royals,Bangalore,Rajasthan Royals,field,
Chennai Super Kings,Kolkata Knight Riders,Chennai,Kolkata Knight Riders,field,Chennai Super Kings
Kings XI Punjab,Delhi Daredevils,Delhi,Delhi Daredevils,field,Delhi Daredevils
Mumbai Indians,Rajasthan Royals,Mumbai,Rajasthan Royals,field,Mumbai Indians
Kolkata Knight Riders,Royal Challengers Bangalore,Bangalore,Royal Challengers Bangalore,field,Royal Challengers Bangalore
Sunrisers Hyderabad,Chennai Super Kings,Hyderabad,Chennai Super Kings,field,Sunrisers Hyderabad
Mumbai Indians,Kings XI Punjab,Chandigarh,Mumbai Indians,bat,Mumbai Indians
Rajasthan Royals,Delhi Daredevils,Mumbai,Delhi Daredevils,field,Rajasthan Royals
Chennai Super Kings,Royal Challengers Bangalore,Chennai,Chennai Super Kings,bat,Chennai Super Kings
Kolkata Knight Riders,Sunrisers Hyderabad,Kolkata,Sunrisers Hyderabad,field,Kolkata Knight Riders
Delhi Daredevils,Mumbai Indians,Mumbai,Delhi Daredevils,bat,Mumbai Indians
Royal Challengers Bangalore,Kings XI Punjab,Bangalore,Kings XI Punjab,field,Royal Challengers Bangalore
Sunrisers Hyderabad,Rajasthan Royals,Mumbai,Rajasthan Royals,field,Sunrisers Hyderabad
Chennai Super Kings,Mumbai Indians,Chennai,Chennai Super Kings,bat,Mumbai Indians
Kings XI Punjab,Kolkata Knight Riders,Kolkata,Kings XI Punjab,bat,Kolkata Knight Riders
Sunrisers Hyderabad,Delhi Daredevils,Raipur,Sunrisers Hyderabad,bat,Sunrisers Hyderabad
Royal Challengers Bangalore,Mumbai Indians,Mumbai,Royal Challengers Bangalore,bat,Royal Challengers Bangalore
Chennai Super Kings,Rajasthan Royals,Chennai,Chennai Super Kings,bat,Chennai Super Kings
Sunrisers Hyderabad,Kings XI Punjab,Hyderabad,Sunrisers Hyderabad,bat,Sunrisers Hyderabad
Chennai Super Kings,Delhi Daredevils,Raipur,Chennai Super Kings,bat,Delhi Daredevils
Kings XI Punjab,Royal Challengers Bangalore,Chandigarh,Royal Challengers Bangalore,field,Kings XI Punjab
Mumbai Indians,Kolkata Knight Riders,Mumbai,Kolkata Knight Riders,field,Mumbai Indians
Sunrisers Hyderabad,Royal Challengers Bangalore,Hyderabad,Sunrisers Hyderabad,bat,Royal Challengers Bangalore
Kings XI Punjab,Chennai Super Kings,Chandigarh,Kings XI Punjab,bat,Chennai Super Kings
Rajasthan Royals,Kolkata Knight Riders,Mumbai,Rajasthan Royals,bat,Rajasthan Royals
Delhi Daredevils,Royal Challengers Bangalore,Bangalore,Royal Challengers Bangalore,field,
Sunrisers Hyderabad,Mumbai Indians,Hyderabad,Sunrisers Hyderabad,bat,Mumbai Indians
Mumbai Indians,Chennai Super Kings,Mumbai,Mumbai Indians,bat,Mumbai Indians
Royal Challengers Bangalore,Rajasthan Royals,Pune,Royal Challengers Bangalore,bat,Royal Challengers Bangalore
Royal Challengers Bangalore,Chennai Super Kings,Ranchi,Chennai Super Kings,field,Chennai Super Kings
Mumbai Indians,Chennai Super Kings,Kolkata,Chennai Super Kings,field,Mumbai Indians
Mumbai Indians,Rising Pune Supergiants,Mumbai,Mumbai Indians,bat,Rising Pune Supergiants
Delhi Daredevils,Kolkata Knight Riders,Kolkata,Kolkata Knight Riders,field,Kolkata Knight Riders
Kings XI Punjab,Gujarat Lions,Chandigarh,Gujarat Lions,field,Gujarat Lions
Royal Challengers Bangalore,Sunrisers Hyderabad,Bangalore,Sunrisers Hyderabad,field,Royal Challengers Bangalore
Kolkata Knight Riders,Mumbai Indians,Kolkata,Mumbai Indians,field,Mumbai Indians
Rising Pune Supergiants,Gujarat Lions,Rajkot,Rising Pune Supergiants,bat,Gujarat Lions
Kings XI Punjab,Delhi Daredevils,Delhi,Delhi Daredevils,field,Delhi Daredevils
Sunrisers Hyderabad,Kolkata Knight Riders,Hyderabad,Sunrisers Hyderabad,bat,Kolkata Knight Riders
Mumbai Indians,Gujarat Lions,Mumbai,Gujarat Lions,field,Gujarat Lions
Rising Pune Supergiants,Kings XI Punjab,Chandigarh,Rising Pune Supergiants,bat,Kings XI Punjab
Royal Challengers Bangalore,Delhi Daredevils,Bangalore,Delhi Daredevils,field,Delhi Daredevils
Mumbai Indians,Sunrisers Hyderabad,Hyderabad,Sunrisers Hyderabad,field,Sunrisers Hyderabad
Kings XI Punjab,Kolkata Knight Riders,Chandigarh,Kolkata Knight Riders,field,Kolkata Knight Riders
Royal Challengers Bangalore,Mumbai Indians,Mumbai,Mumbai Indians,field,Mumbai Indians
Gujarat Lions,Sunrisers Hyderabad,Rajkot,Sunrisers Hyderabad,field,Sunrisers Hyderabad
Royal Challengers Bangalore,Rising Pune Supergiants,Pune,Rising Pune Supergiants,field,Royal Challengers Bangalore
Delhi Daredevils,Mumbai Indians,Delhi,Mumbai Indians,field,Delhi Daredevils
Kings XI Punjab,Sunrisers Hyderabad,Hyderabad,Sunrisers Hyderabad,field,Sunrisers Hyderabad
Royal Challengers Bangalore,Gujarat Lions,Rajkot,Royal Challengers Bangalore,bat,Gujarat Lions
Rising Pune Supergiants,Kolkata Knight Riders,Pune,Kolkata Knight Riders,field,Kolkata Knight Riders
Mumbai Indians,Kings XI Punjab,Chandigarh,Kings XI Punjab,field,Mumbai Indians
Sunrisers Hyderabad,Rising Pune Supergiants,Hyderabad,Rising Pune Supergiants,field,Rising Pune Supergiants
Gujarat Lions,Delhi Daredevils,Delhi,Delhi Daredevils,field,Gujarat Lions
Kolkata Knight Riders,Mumbai Indians,Mumbai,Mumbai Indians,field,Mumbai Indians
Rising Pune Supergiants,Gujarat Lions,Pune,Gujarat Lions,field,Gujarat Lions
Delhi Daredevils,Kolkata Knight Riders,Delhi,Kolkata Knight Riders,field,Delhi Daredevils
Sunrisers Hyderabad,Royal Challengers Bangalore,Hyderabad,Royal Challengers Bangalore,field,Sunrisers Hyderabad
Kings XI Punjab,Gujarat Lions,Rajkot,Gujarat Lions,field,Kings XI Punjab
Rising Pune Supergiants,Mumbai Indians,Pune,Mumbai Indians,field,Mumbai Indians
Royal Challengers Bangalore,Kolkata Knight Riders,Bangalore,Kolkata Knight Riders,field,Kolkata Knight Riders
Gujarat Lions,Delhi Daredevils,Rajkot,Delhi Daredevils,field,Delhi Daredevils
Kolkata Knight Riders,Kings XI Punjab,Kolkata,Kings XI Punjab,field,Kolkata Knight Riders
Delhi Daredevils,Rising Pune Supergiants,Delhi,Rising Pune Supergiants,field,Rising Pune Supergiants
Gujarat Lions,Sunrisers Hyderabad,Hyderabad,Sunrisers Hyderabad,field,Sunrisers Hyderabad
Rising Pune Supergiants,Royal Challengers Bangalore,Bangalore,Royal Challengers Bangalore,field,Royal Challengers Bangalore
Kings XI Punjab,Delhi Daredevils,Chandigarh,Delhi Daredevils,field,Kings XI Punjab
Sunrisers Hyderabad,Mumbai Indians,Visakhapatnam,Mumbai Indians,field,Sunrisers Hyderabad
Kolkata Knight Riders,Gujarat Lions,Kolkata,Gujarat Lions,field,Gujarat Lions
Royal Challengers Bangalore,Kings XI Punjab,Chandigarh,Kings XI Punjab,field,Royal Challengers Bangalore
Sunrisers Hyderabad,Rising Pune Supergiants,Visakhapatnam,Sunrisers Hyderabad,bat,Sunrisers Hyderabad
Royal Challengers Bangalore,Mumbai Indians,Bangalore,Mumbai Indians,field,Mumbai Indians
Sunrisers Hyderabad,Delhi Daredevils,Hyderabad,Delhi Daredevils,field,Delhi Daredevils
Mumbai Indians,Kings XI Punjab,Visakhapatnam,Mumbai Indians,bat,Kings XI Punjab
Royal Challengers Bangalore,Gujarat Lions,Bangalore,Gujarat Lions,field,Royal Challengers Bangalore
Rising Pune Supergiants,Kolkata Knight Riders,Kolkata,Rising Pune Supergiants,bat,Kolkata Knight Riders
Kings XI Punjab,Sunrisers Hyderabad,Chandigarh,Kings XI Punjab,bat,Sunrisers Hyderabad
Mumbai Indians,Delhi Daredevils,Visakhapatnam,Delhi Daredevils,field,Mumbai Indians
Kolkata Knight Riders,Royal Challengers Bangalore,Kolkata,Royal Challengers Bangalore,field,Royal Challengers Bangalore
Delhi Daredevils,Rising Pune Supergiants,Visakhapatnam,Rising Pune Supergiants,field,Rising Pune Supergiants
Royal Challengers Bangalore,Kings XI Punjab,Bangalore,Kings XI Punjab,field,Royal Challengers Bangalore
Kolkata Knight Riders,Gujarat Lions,Kanpur,Gujarat Lions,field,Gujarat Lions
Sunrisers Hyderabad,Delhi Daredevils,Raipur,Delhi Daredevils,field,Delhi Daredevils
Kings XI Punjab,Rising Pune Supergiants,Visakhapatnam,Kings XI Punjab,bat,Rising Pune Supergiants
Mumbai Indians,Gujarat Lions,Kanpur,Gujarat Lions,field,Gujarat Lions
Kolkata Knight Riders,Sunrisers Hyderabad,Kolkata,Sunrisers Hyderabad,field,Kolkata Knight Riders
Delhi Daredevils,Royal Challengers Bangalore,Raipur,Royal Challengers Bangalore,field,Royal Challengers Bangalore
Gujarat Lions,Royal Challengers Bangalore,Bangalore,Royal Challengers Bangalore,field,Royal Challengers Bangalore
Sunrisers Hyderabad,Kolkata Knight Riders,Delhi,Kolkata Knight Riders,field,Sunrisers Hyderabad
Gujarat Lions,Sunrisers Hyderabad,Delhi,Sunrisers Hyderabad,field,Sunrisers Hyderabad
Sunrisers Hyderabad,Royal Challengers Bangalore,Bangalore,Sunrisers Hyderabad,bat,Sunrisers Hyderabad
Mumbai Indians,Chennai Super Kings,Mumbai,Chennai Super Kings,field,Chennai Super Kings
Delhi Daredevils,Kings XI Punjab,Mohali,Kings XI Punjab,field,Kings XI Punjab
Royal Challengers Bangalore,Kolkata Knight Riders,Kolkata,Kolkata Knight Riders,field,Kolkata Knight Riders
Rajasthan Royals,Sunrisers Hyderabad,Hyderabad,Sunrisers Hyderabad,field,Sunrisers Hyderabad
Kolkata Knight Riders,Chennai Super Kings,Chennai,Chennai Super Kings,field,Chennai Super Kings
Rajasthan Royals,Delhi Daredevils,Jaipur,Delhi Daredevils,field,Rajasthan Royals
Mumbai Indians,Sunrisers Hyderabad,Hyderabad,Sunrisers Hyderabad,field,Sunrisers Hyderabad
Kings XI Punjab,Royal Challengers Bangalore,Bengaluru,Royal Challengers Bangalore,field,Royal Challengers Bangalore
Mumbai Indians,Delhi Daredevils,Mumbai,Delhi Daredevils,field,Delhi Daredevils
Kolkata Knight Riders,Sunrisers Hyderabad,Kolkata,Sunrisers Hyderabad,field,Sunrisers Hyderabad
Rajasthan Royals,Royal Challengers Bangalore,Bengaluru,Royal Challengers Bangalore,field,Rajasthan Royals
Kings XI Punjab,Chennai Super Kings,Mohali,Chennai Super Kings,field,Kings XI Punjab
Kolkata Knight Riders,Delhi Daredevils,Kolkata,Delhi Daredevils,field,Kolkata Knight Riders
Mumbai Indians,Royal Challengers Bangalore,Mumbai,Royal Challengers Bangalore,field,Mumbai Indians
Rajasthan Royals,Kolkata Knight Riders,Jaipur,Kolkata Knight Riders,field,Kolkata Knight Riders
Kings XI Punjab,Sunrisers Hyderabad,Mohali,Kings XI Punjab,bat,Kings XI Punjab
Chennai Super Kings,Rajasthan Royals,Pune,Rajasthan Royals,field,Chennai Super Kings
Kolkata Knight Riders,Kings XI Punjab,Kolkata,Kings XI Punjab,field,Kings XI Punjab
Delhi Daredevils,Royal Challengers Bangalore,Bengaluru,Royal Challengers Bangalore,field,Royal Challengers Bangalore
Chennai Super Kings,Sunrisers Hyderabad,Hyderabad,Sunrisers Hyderabad,field,Chennai Super Kings
Mumbai Indians,Rajasthan Royals,Jaipur,Mumbai Indians,bat,Rajasthan Royals
Kings XI Punjab,Delhi Daredevils,Delhi,Delhi Daredevils,field,Kings XI Punjab
Sunrisers Hyderabad,Mumbai Indians,Mumbai,Mumbai Indians,field,Sunrisers Hyderabad
Royal Challengers Bangalore,Chennai Super Kings,Bengaluru,Chennai Super Kings,field,Chennai Super Kings
Sunrisers Hyderabad,Kings XI Punjab,Hyderabad,Kings XI Punjab,field,Sunrisers Hyderabad
Delhi Daredevils,Kolkata Knight Riders,Delhi,Kolkata Knight Riders,field,Delhi Daredevils
Chennai Super Kings,Mumbai Indians,Pune,Mumbai Indians,field,Mumbai Indians
Sunrisers Hyderabad,Rajasthan Royals,Jaipur,Sunrisers Hyderabad,bat,Sunrisers Hyderabad
Royal Challengers Bangalore,Kolkata Knight Riders,Bengaluru,Kolkata Knight Riders,field,Kolkata Knight Riders
Chennai Super Kings,Delhi Daredevils,Pune,Delhi Daredevils,field,Chennai Super Kings
Royal Challengers Bangalore,Mumbai Indians,Bengaluru,Mumbai Indians,field,Royal Challengers Bangalore
Delhi Daredevils,Rajasthan Royals,Delhi,Rajasthan Royals,field,Delhi Daredevils
Chennai Super Kings,Kolkata Knight Riders,Kolkata,Kolkata Knight Riders,field,Kolkata Knight Riders
Kings XI Punjab,Mumbai Indians,Indore,Mumbai Indians,field,Mumbai Indians
Royal Challengers Bangalore,Chennai Super Kings,Pune,Chennai Super Kings,field,Chennai Super Kings
Delhi Daredevils,Sunrisers Hyderabad,Hyderabad,Delhi Daredevils,bat,Sunrisers Hyderabad
Mumbai Indians,Kolkata Knight Riders,Mumbai,Kolkata Knight Riders,field,Mumbai Indians
Rajasthan Royals,Kings XI Punjab,Indore,Kings XI Punjab,field,Kings XI Punjab
Sunrisers Hyderabad,Royal Challengers Bangalore,Hyderabad,Royal Challengers Bangalore,field,Sunrisers Hyderabad
Rajasthan Royals,Kings XI Punjab,Jaipur,Rajasthan Royals,bat,Rajasthan Royals
Mumbai Indians,Kolkata Knight Riders,Kolkata,Kolkata Knight Riders,field,Mumbai Indians
Delhi Daredevils,Sunrisers Hyderabad,Delhi,Delhi Daredevils,bat,Sunrisers Hyderabad
Chennai Super Kings,Rajasthan Royals,Jaipur,Chennai Super Kings,bat,Rajasthan Royals
Kolkata Knight Riders,Kings XI Punjab,Indore,Kings XI Punjab,field,Kolkata Knight Riders
Delhi Daredevils,Royal Challengers Bangalore,Delhi,Royal Challengers Bangalore,field,Royal Challengers Bangalore
Sunrisers Hyderabad,Chennai Super Kings,Pune,Chennai Super Kings,field,Chennai Super Kings
Mumbai Indians,Rajasthan Royals,Mumbai,Rajasthan Royals,field,Rajasthan Royals
Kings XI Punjab,Royal Challengers Bangalore,Indore,Royal Challengers Bangalore,field,Royal Challengers Bangalore
Rajasthan Royals,Kolkata Knight Riders,Kolkata,Kolkata Knight Riders,field,Kolkata Knight Riders
Mumbai Indians,Kings XI Punjab,Mumbai,Kings XI Punjab,field,Mumbai Indians
Royal Challengers Bangalore,Sunrisers Hyderabad,Bengaluru,Sunrisers Hyderabad,field,Royal Challengers Bangalore
Delhi Daredevils,Chennai Super Kings,Delhi,Chennai Super Kings,field,Delhi Daredevils
Rajasthan Royals,Royal Challengers Bangalore,Jaipur,Rajasthan Royals,bat,Rajasthan Royals
Sunrisers Hyderabad,Kolkata Knight Riders,Hyderabad,Sunrisers Hyderabad,bat,Kolkata Knight Riders
Delhi Daredevils,Mumbai Indians,Delhi,Delhi Daredevils,bat,Delhi Daredevils
Kings XI Punjab,Chennai Super Kings,Pune,Chennai Super Kings,field,Chennai Super Kings
Sunrisers Hyderabad,Chennai Super Kings,Mumbai,Chennai Super Kings,field,Chennai Super Kings
Kolkata Knight Riders,Rajasthan Royals,Kolkata,Rajasthan Royals,field,Kolkata Knight Riders
Sunrisers Hyderabad,Kolkata Knight Riders,Kolkata,Kolkata Knight Riders,field,Sunrisers Hyderabad
Sunrisers Hyderabad,Chennai Super Kings,Mumbai,Chennai Super Kings,field,Chennai Super Kings
Royal Challengers Bangalore,Chennai Super Kings,Chennai,Chennai Super Kings,field,Chennai Super Kings
Sunrisers Hyderabad,Kolkata Knight Riders,Kolkata,Kolkata Knight Riders,field,Kolkata Knight Riders
Delhi Capitals,Mumbai Indians,Mumbai,Mumbai Indians,field,Delhi Capitals
Kings XI Punjab,Rajasthan Royals,Jaipur,Rajasthan Royals,field,Kings XI Punjab
Delhi Capitals,Chennai Super Kings,Delhi,Delhi Capitals,bat,Chennai Super Kings
Kolkata Knight Riders,Kings XI Punjab,Kolkata,Kings XI Punjab,field,Kolkata Knight Riders
Mumbai Indians,Royal Challengers Bangalore,Bengaluru,Royal Challengers Bangalore,field,Mumbai Indians
Rajasthan Royals,Sunrisers Hyderabad,Hyderabad,Rajasthan Royals,bat,Sunrisers Hyderabad
Mumbai Indians,Kings XI Punjab,Mohali,Kings XI Punjab,field,Kings XI Punjab
Kolkata Knight Riders,Delhi Capitals,Delhi,Delhi Capitals,field,Delhi Capitals
Sunrisers Hyderabad,Royal Challengers Bangalore,Hyderabad,Royal Challengers Bangalore,field,Sunrisers Hyderabad
Chennai Super Kings,Rajasthan Royals,Chennai,Rajasthan Royals,field,Chennai Super Kings
Kings XI Punjab,Delhi Capitals,Mohali,Delhi Capitals,field,Kings XI Punjab
Royal Challengers Bangalore,Rajasthan Royals,Jaipur,Rajasthan Royals,field,Rajasthan Royals
Mumbai Indians,Chennai Super Kings,Mumbai,Chennai Super Kings,field,Mumbai Indians
Delhi Capitals,Sunrisers Hyderabad,Delhi,Sunrisers Hyderabad,field,Sunrisers Hyderabad
Royal Challengers Bangalore,Kolkata Knight Riders,Bengaluru,Kolkata Knight Riders,field,Kolkata Knight Riders
Chennai Super Kings,Kings XI Punjab,Chennai,Chennai Super Kings,bat,Chennai Super Kings
Mumbai Indians,Sunrisers Hyderabad,Hyderabad,Sunrisers Hyderabad,field,Mumbai Indians
Royal Challengers Bangalore,Delhi Capitals,Bengaluru,Delhi Capitals,field,Delhi Capitals
Rajasthan Royals,Kolkata Knight Riders,Jaipur,Kolkata Knight Riders,field,Kolkata Knight Riders
Sunrisers Hyderabad,Kings XI Punjab,Mohali,Kings XI Punjab,field,Kings XI Punjab
Kolkata Knight Riders,Chennai Super Kings,Chennai,Chennai Super Kings,field,Chennai Super Kings
Kings XI Punjab,Mumbai Indians,Mumbai,Mumbai Indians,field,Mumbai Indians
Rajasthan Royals,Chennai Super Kings,Jaipur,Chennai Super Kings,field,Chennai Super Kings
Kolkata Knight Riders,Delhi Capitals,Kolkata,Delhi Capitals,field,Delhi Capitals
Mumbai Indians,Rajasthan Royals,Mumbai,Rajasthan Royals,field,Rajasthan Royals
Kings XI Punjab,Royal Challengers Bangalore,Mohali,Royal Challengers Bangalore,field,Royal Challengers Bangalore
Kolkata Knight Riders,Chennai Super Kings,Kolkata,Chennai Super Kings,field,Chennai Super Kings
Delhi Capitals,Sunrisers Hyderabad,Hyderabad,Sunrisers Hyderabad,field,Delhi Capitals
Royal Challengers Bangalore,Mumbai Indians,Mumbai,Mumbai Indians,field,Mumbai Indians
Kings XI Punjab,Rajasthan Royals,Mohali,Rajasthan Royals,field,Kings XI Punjab
Chennai Super Kings,Sunrisers Hyderabad,Hyderabad,Chennai Super Kings,bat,Sunrisers Hyderabad
Mumbai Indians,Delhi Capitals,Delhi,Mumbai Indians,bat,Mumbai Indians
Royal Challengers Bangalore,Kolkata Knight Riders,Kolkata,Kolkata Knight Riders,field,Royal Challengers Bangalore
Mumbai Indians,Rajasthan Royals,Jaipur,Rajasthan Royals,field,Rajasthan Royals
Kings XI Punjab,Delhi Capitals,Delhi,Delhi Capitals,field,Delhi Capitals
Kolkata Knight Riders,Sunrisers Hyderabad,Hyderabad,Sunrisers Hyderabad,field,Sunrisers Hyderabad
Royal Challengers Bangalore,Chennai Super Kings,Bengaluru,Chennai Super Kings,field,Royal Challengers Bangalore
Rajasthan Royals,Delhi Capitals,Jaipur,Delhi Capitals,field,Delhi Capitals
Sunrisers Hyderabad,Chennai Super Kings,Chennai,Chennai Super Kings,field,Chennai Super Kings
Royal Challengers Bangalore,Kings XI Punjab,Bengaluru,Kings XI Punjab,field,Royal Challengers Bangalore
Kolkata Knight Riders,Rajasthan Royals,Kolkata,Rajasthan Royals,field,Rajasthan Royals
Mumbai Indians,Chennai Super Kings,Chennai,Chennai Super Kings,field,Mumbai Indians
Sunrisers Hyderabad,Rajasthan Royals,Jaipur,Rajasthan Royals,field,Rajasthan Royals
Delhi Capitals,Royal Challengers Bangalore,Delhi,Delhi Capitals,bat,Delhi Capitals
Kolkata Knight Riders,Mumbai Indians,Kolkata,Mumbai Indians,field,Kolkata Knight Riders
Sunrisers Hyderabad,Kings XI Punjab,Hyderabad,Kings XI Punjab,field,Sunrisers Hyderabad
Royal Challengers Bangalore,Rajasthan Royals,Bengaluru,Rajasthan Royals,field,
Chennai Super Kings,Delhi Capitals,Chennai,Delhi Capitals,field,Chennai Super Kings
Mumbai Indians,Sunrisers Hyderabad,Mumbai,Mumbai Indians,bat,Mumbai Indians
Kings XI Punjab,Kolkata Knight Riders,Mohali,Kolkata Knight Riders,field,Kolkata Knight Riders
Rajasthan Royals,Delhi Capitals,Delhi,Rajasthan Royals,bat,Delhi Capitals
Sunrisers Hyderabad,Royal Challengers Bangalore,Bengaluru,Royal Challengers Bangalore,field,Royal Challengers Bangalore
Chennai Super Kings,Kings XI Punjab,Mohali,Kings XI Punjab,field,Kings XI Punjab
Kolkata Knight Riders,Mumbai Indians,Mumbai,Mumbai Indians,field,Mumbai Indians
Chennai Super Kings,Mumbai Indians,Chennai,Chennai Super Kings,bat,Mumbai Indians
Sunrisers Hyderabad,Delhi Capitals,Visakhapatnam,Delhi Capitals,field,Delhi Capitals
Delhi Capitals,Chennai Super Kings,Visakhapatnam,Chennai Super Kings,field,Chennai Super Kings
Mumbai Indians,Chennai Super Kings,Hyderabad,Mumbai Indians,bat,Mumbai Indians
